idmun,namemun,abbrmun,popmun,partitmun,PtgCsMun,PtgJxCatMun,PtgERCMun,PtgPSCMun,PtgCatComuMun,PtgCUPMun,PtgPPMun,
080018,Abrera,Abrera,12216,C's,34,8,19,20,11,3,4,
080023,Aguilar de Segarra,Aguilar de Segarra,253,JxCat,6,46,20,5,1,21,2,
080039,Alella,Alella,9632,JxCat,21,31,24,10,5,4,3,
080044,Alpens,Alpens,294,JxCat,0,63,21,4,3,9,0,
080057,Ametlla del Vallès,Ametlla del Vallès,8337,JxCat,19,36,24,8,5,4,2,
080060,Arenys de Mar,Arenys de Mar,15253,JxCat,18,33,26,9,5,5,3,
080076,Arenys de Munt,Arenys de Munt,8638,JxCat,14,38,28,6,5,6,2,
080082,Argençola,Argençola,227,JxCat,8,45,30,2,2,11,2,
080095,Argentona,Argentona,12051,JxCat,22,29,23,10,5,6,4,
080109,Artés,Artés,5596,JxCat,16,33,28,7,4,7,2,
080116,Avià,Avià,2257,JxCat,6,48,31,3,2,9,2,
080121,Avinyó,Avinyó,2212,JxCat,8,47,29,4,2,7,3,
080137,Avinyonet del Penedès,Avinyonet del Penedès,1665,JxCat,16,40,24,7,5,6,2,
080142,Aiguafreda,Aiguafreda,2467,JxCat,12,39,29,6,5,6,3,
080155,Badalona,Bdn,215634,C's,31,12,18,17,9,3,8,
080168,Bagà,Bagà,2162,JxCat,15,34,30,9,4,6,1,
080174,Balenyà,Balenyà,3705,JxCat,17,38,24,9,4,4,2,
080180,Balsareny,Balsareny,3285,JxCat,21,29,24,11,6,5,2,
080193,Barcelona,Bcn,1608746,C's,24,20,21,14,9,5,5,
080207,Begues,Begues,6736,ERC,22,24,27,11,7,5,2,
080214,Bellprat,Bellprat,75,JxCat,18,39,23,7,4,5,4,
080229,Berga,Berga,16175,JxCat,10,41,28,6,3,8,2,
080235,Bigues i Riells,Bigues i Riells,8915,ERC,25,23,27,10,7,5,3,
080240,Borredà,Borredà,495,JxCat,6,51,22,8,2,9,2,
080253,Bruc,Bruc,2014,ERC,17,24,28,9,8,10,3,
080266,Brull,Brull,263,JxCat,4,62,20,1,1,9,2,
080272,Cabanyes,Cabanyes,943,JxCat,17,36,24,9,5,6,2,
080288,Cabrera d'Anoia,Cabrera d'Anoia,1351,C's,29,14,23,17,7,4,3,
080291,Cabrera de Mar,Cabrera de Mar,4553,JxCat,18,38,23,9,5,4,3,
080305,Cabrils,Cabrils,7287,JxCat,19,38,23,8,4,4,2,
080312,Calaf,Calaf,3424,JxCat,14,40,24,9,4,4,4,
080327,Caldes d'Estrac,Caldes d'Estrac,2766,JxCat,16,31,25,12,7,5,3,
080333,Caldes de Montbui,Caldes de Montbui,17137,ERC,22,24,27,11,6,6,3,
080348,Calders,Calders,953,JxCat,8,43,30,4,3,9,2,
080351,Calella,Calella,18317,JxCat,22,30,24,10,5,4,4,
080364,Calonge de Segarra,Calonge de Segarra,191,JxCat,4,68,17,4,2,4,0,
080370,Calldetenes,Calldetenes,2418,JxCat,7,53,26,4,2,6,2,
080386,Callús,Callús,2057,JxCat,15,39,28,6,4,6,2,
080399,Campins,Campins,470,JxCat,7,37,26,6,6,16,1,
080403,Canet de Mar,Canet de Mar,14284,JxCat,19,28,27,10,6,5,4,
080410,Canovelles,Canovelles,15937,C's,37,11,14,20,8,3,5,
080425,Cànoves i Samalús,Cànoves i Samalús,2873,C's,28,19,25,12,7,4,4,
080431,Canyelles,Canyelles,4407,C's,32,18,20,15,8,3,4,
080446,Capellades,Capellades,5227,ERC,22,22,25,13,4,9,3,
080459,Capolat,Capolat,93,JxCat,0,53,19,2,4,18,2,
080462,Cardedeu,Cardedeu,18158,ERC,18,26,27,11,7,7,3,
080478,Cardona,Cardona,4775,JxCat,20,28,24,15,4,4,4,
080484,Carme,Carme,791,JxCat,11,42,30,8,1,5,2,
080497,Casserres,Casserres,1528,JxCat,6,49,27,2,2,8,3,
080500,Castellar del Riu,Castellar del Riu,176,JxCat,7,65,19,2,0,7,1,
080517,Castellar del Vallès,Castellar del Vallès,23633,ERC,23,23,25,12,7,4,3,
080522,Castellar de n'Hug,Castellar de n'Hug,157,JxCat,5,62,22,2,1,2,5,
080538,Castellbell i el Vilar,Castellbell i el Vilar,3584,ERC,24,24,24,13,6,4,3,
080543,Castellbisbal,Castellbisbal,12277,C's,31,14,22,14,9,5,3,
080556,Castellcir,Castellcir,726,JxCat,12,41,30,4,2,9,2,
080569,Castelldefels,Cstdfels.,64892,C's,35,12,17,17,9,2,6,
080575,Castell de l'Areny,Castell de l'Areny,69,JxCat,2,58,24,0,4,11,2,
080581,Castellet i la Gornal,Castellet i la Gornal,2193,C's,25,24,21,14,6,4,4,
080594,Castellfollit del Boix,Castellfollit del Boix,448,JxCat,10,46,29,2,2,8,2,
080608,Castellfollit de Riubregós,Castellfollit de Riubregós,165,JxCat,12,52,19,6,4,4,4,
080615,Castellgalí,Castellgalí,1995,C's,26,23,20,13,9,4,3,
080620,Castellnou de Bages,Castellnou de Bages,1287,JxCat,19,36,24,8,5,5,2,
080636,Castellolí,Castellolí,573,JxCat,5,49,30,5,4,5,1,
080641,Castellterçol,Castellterçol,2351,JxCat,10,42,28,7,5,6,2,
080654,Castellví de la Marca,Castellví de la Marca,1545,JxCat,10,43,24,7,4,8,3,
080667,Castellví de Rosanes,Castellví de Rosanes,1807,C's,26,20,24,14,8,4,2,
080673,Centelles,Centelles,7410,JxCat,13,42,25,7,4,7,2,
080689,Cervelló,Cervelló,8861,ERC,26,18,27,13,7,3,4,
080692,Collbató,Collbató,4396,ERC,21,24,29,9,6,6,3,
080706,Collsuspina,Collsuspina,349,JxCat,6,50,29,4,3,7,0,
080713,Copons,Copons,300,ERC,8,32,35,8,2,11,1,
080728,Corbera de Llobregat,Corbera de Llobregat,14168,ERC,25,21,27,12,6,4,3,
080734,Cornellà de Llobregat,C,86072,C's,33,6,15,25,11,3,5,
080749,Cubelles,Cubelles,14608,C's,34,14,21,15,8,3,4,
080752,Dosrius,Dosrius,5154,C's,26,23,26,11,6,3,3,
080765,Esparreguera,Esparreguera,21766,C's,27,15,24,16,8,4,3,
080771,Esplugues de Llobregat,Esplug.,45733,C's,33,11,16,21,9,3,6,
080787,Espunyola,Espunyola,247,JxCat,3,59,22,1,4,8,2,
080790,Estany,Estany,404,JxCat,5,38,37,7,2,9,1,
080804,Fígols,Fígols,40,ERC,10,26,42,6,0,6,10,
080811,Fogars de Montclús,Fogars de Montclús,462,JxCat,8,57,17,2,3,11,1,
080826,Fogars de la Selva,Fogars de la Selva,1452,C's,32,21,15,13,7,4,5,
080832,Folgueroles,Folgueroles,2298,JxCat,4,56,28,3,2,6,1,
080847,Fonollosa,Fonollosa,1401,JxCat,12,34,31,8,4,6,4,
080850,Font-rubí,Font-rubí,1363,JxCat,9,46,27,4,2,7,3,
080863,Franqueses del Vallès,Franqueses del Vallès,19417,C's,31,18,21,13,8,3,3,
080879,Gallifa,Gallifa,187,JxCat,6,46,24,3,7,9,4,
080885,Garriga,Garriga,15912,JxCat,17,33,26,9,5,7,2,
080898,Gavà,Gavà,46266,C's,34,11,17,20,9,2,4,
080902,Gaià,Gaià,160,JxCat,6,57,23,3,2,6,2,
080919,Gelida,Gelida,7238,ERC,21,22,25,14,8,6,3,
080924,Gironella,Gironella,4829,JxCat,10,42,28,7,3,6,3,
080930,Gisclareny,Gisclareny,29,JxCat,4,57,30,0,4,4,0,
080945,Granada,Granada,2091,JxCat,13,35,29,8,5,6,3,
080958,Granera,Granera,79,JxCat,10,53,21,2,3,11,0,
080961,Granollers,Grano.,60174,C's,27,22,21,15,6,4,4,
080977,Gualba,Gualba,1426,JxCat,12,38,29,7,5,7,0,
080983,Sant Salvador de Guardiola,Sant Salvador de Guardiola,3141,JxCat,25,30,21,8,6,5,4,
080996,Guardiola de Berguedà,Guardiola de Berguedà,897,JxCat,10,37,26,13,4,8,2,
081000,Gurb,Gurb,2559,JxCat,6,52,29,4,1,5,1,
081017,Hospitalet de Llobregat,L'H,254804,C's,33,8,15,23,10,3,6,
081022,Igualada,Igualada,38987,JxCat,19,33,24,10,5,5,3,
081038,Jorba,Jorba,831,ERC,12,31,33,8,5,6,4,
081043,Llacuna,Llacuna,872,JxCat,8,45,30,3,2,9,2,
081056,Llagosta,Llagosta,13247,C's,37,6,14,25,10,2,5,
081069,Llinars del Vallès,Llinars del Vallès,9717,ERC,23,24,26,11,5,5,4,
081075,Lliçà d'Amunt,Lliçà d'Amunt,14759,C's,32,15,21,15,9,3,4,
081081,Lliçà de Vall,Lliçà de Vall,6370,C's,31,19,20,14,8,3,5,
081094,Lluçà,Lluçà,280,JxCat,2,40,33,1,2,19,3,
081108,Malgrat de Mar,Malgrat de Mar,18295,C's,26,22,23,14,7,3,4,
081115,Malla,Malla,267,JxCat,3,64,18,3,4,5,2,
081120,Manlleu,Manlleu,20104,JxCat,18,40,22,8,4,5,2,
081136,Manresa,Manresa,74752,JxCat,18,33,24,10,5,5,4,
081141,Martorell,Martorell,27645,C's,29,14,20,18,10,4,4,
081154,Martorelles,Martorelles,4725,C's,29,16,23,14,8,4,3,
081167,Masies de Roda,Masies de Roda,714,JxCat,8,59,23,2,1,5,1,
081173,Masies de Voltregà,Masies de Voltregà,3170,JxCat,13,45,22,7,3,5,3,
081189,Masnou,Masnou,23119,ERC,20,26,26,10,7,6,3,
081192,Masquefa,Masquefa,8386,C's,30,15,22,14,9,3,3,
081206,Matadepera,Matadepera,8984,JxCat,17,51,17,6,2,3,3,
081213,Mataró,M,125517,C's,30,19,20,15,7,4,4,
081228,Mediona,Mediona,2282,ERC,16,26,32,9,5,7,3,
081234,Molins de Rei,Molins de Rei,25359,ERC,20,21,27,15,8,5,2,
081249,Mollet del Vallès,Mollet,51491,C's,31,11,19,20,10,3,4,
081252,Montcada i Reixac,Montcada i Reixac,34802,C's,32,10,19,18,12,3,4,
081265,Montgat,Montgat,11621,ERC,26,17,26,13,9,4,4,
081271,Monistrol de Montserrat,Monistrol de Montserrat,2867,ERC,20,24,26,11,6,6,4,
081287,Monistrol de Calders,Monistrol de Calders,699,JxCat,9,39,26,7,4,12,2,
081290,Muntanyola,Muntanyola,604,JxCat,9,45,30,2,3,8,0,
081304,Montclar,Montclar,119,JxCat,9,43,30,8,0,5,3,
081311,Montesquiu,Montesquiu,931,JxCat,7,46,32,5,3,6,1,
081326,Montmajor,Montmajor,471,JxCat,4,63,18,6,1,4,3,
081332,Montmaneu,Montmaneu,151,JxCat,14,58,10,4,3,4,5,
081347,Figaró-Montmany,Figaró-Montmany,1092,ERC,13,28,32,9,5,9,2,
081350,Montmeló,Montmeló,8784,C's,31,11,16,20,11,4,5,
081363,Montornès del Vallès,Montornès del Vallès,16218,C's,35,9,16,18,12,3,5,
081379,Montseny,Montseny,320,JxCat,6,55,22,4,5,8,0,
081385,Moià,Moià,5957,JxCat,13,35,30,7,4,8,2,
081398,Mura,Mura,219,JxCat,3,38,28,8,6,17,1,
081402,Navarcles,Navarcles,5988,JxCat,18,34,23,10,6,4,3,
081419,Navàs,Navàs,6045,JxCat,15,36,25,8,3,8,3,
081424,Nou de Berguedà,Nou de Berguedà,151,JxCat,8,47,19,11,2,13,0,
081430,Òdena,Òdena,3607,JxCat,23,26,22,15,6,4,3,
081445,Olvan,Olvan,855,JxCat,6,47,28,3,3,6,4,
081458,Olèrdola,Olèrdola,3529,JxCat,19,30,25,10,6,6,2,
081461,Olesa de Bonesvalls,Olesa de Bonesvalls,1723,C's,30,17,24,14,7,3,4,
081477,Olesa de Montserrat,Olesa de Montserrat,23645,C's,26,16,25,14,9,5,3,
081483,Olivella,Olivella,3569,C's,32,13,22,15,8,5,3,
081496,Olost,Olost,1185,JxCat,9,46,30,3,1,9,3,
081509,Orís,Orís,310,JxCat,9,58,16,3,3,9,2,
081516,Oristà,Oristà,547,JxCat,4,61,21,2,1,7,3,
081521,Orpí,Orpí,139,JxCat,3,47,39,4,2,4,0,
081537,Òrrius,Òrrius,702,JxCat,10,41,30,6,2,10,1,
081542,Pacs del Penedès,Pacs del Penedès,894,JxCat,21,36,23,8,4,5,2,
081555,Palafolls,Palafolls,9133,C's,29,19,22,13,9,4,3,
081568,Palau-solità i Plegamans,Palau-solità i Plegamans,14494,C's,27,21,22,13,8,3,3,
081574,Pallejà,Pallejà,11348,C's,30,13,21,19,10,3,3,
081580,Papiol,Papiol,4075,ERC,22,21,27,13,8,6,3,
081593,Parets del Vallès,Parets del Vallès,18837,C's,29,15,22,16,9,4,3,
081607,Perafita,Perafita,411,JxCat,3,57,20,2,3,11,3,
081614,Piera,Piera,15001,C's,28,18,22,13,8,4,4,
081629,Hostalets de Pierola,Hostalets de Pierola,2891,ERC,21,22,28,11,6,6,4,
081635,Pineda de Mar,Pineda de Mar,26240,C's,31,19,20,15,6,3,5,
081640,Pla del Penedès,Pla del Penedès,1253,JxCat,12,39,25,7,5,10,2,
081653,Pobla de Claramunt,Pobla de Claramunt,2159,JxCat,18,29,24,13,6,6,2,
081666,Pobla de Lillet,Pobla de Lillet,1110,JxCat,10,42,27,8,4,5,3,
081672,Polinyà,Polinyà,8300,C's,35,10,17,19,11,2,3,
081688,Pontons,Pontons,453,JxCat,17,36,19,3,4,6,13,
081691,Prat de Llobregat,Prat,63457,C's,33,8,16,21,12,3,5,
081705,Prats de Rei,Prats de Rei,535,JxCat,9,56,21,6,2,4,2,
081712,Prats de Lluçanès,Prats de Lluçanès,2565,JxCat,10,46,31,3,2,6,2,
081727,Premià de Mar,Premià de Mar,27866,C's,24,20,24,13,8,6,3,
081748,Puigdàlber,Puigdàlber,512,JxCat,19,36,28,3,3,6,2,
081751,Puig-reig,Puig-reig,4123,JxCat,12,42,28,5,3,6,3,
081764,Pujalt,Pujalt,198,JxCat,12,44,26,2,1,5,10,
081770,Quar,Quar,54,JxCat,13,49,21,0,0,15,3,
081786,Rajadell,Rajadell,533,JxCat,11,41,25,7,3,8,4,
081799,Rellinars,Rellinars,723,ERC,14,22,34,9,10,5,3,
081803,Ripollet,Ripollet,37648,C's,35,8,16,20,11,3,4,
081810,Roca del Vallès,Roca del Vallès,10599,ERC,23,24,25,12,6,4,3,
081825,Pont de Vilomara i Rocafort,Pont de Vilomara i Rocafort,3724,C's,33,16,21,15,6,3,3,
081831,Roda de Ter,Roda de Ter,6116,JxCat,11,47,25,6,4,5,2,
081846,Rubí,Rubí,75167,C's,34,11,19,17,9,3,4,
081859,Rubió,Rubió,231,JxCat,18,32,26,1,7,11,5,
081878,Sabadell,S,208246,C's,28,17,20,16,9,4,4,
081884,Sagàs,Sagàs,152,JxCat,4,50,25,3,1,13,4,
081897,Sant Pere Sallavinera,Sant Pere Sallavinera,158,JxCat,2,57,25,4,3,4,4,
081901,Saldes,Saldes,276,JxCat,9,43,33,6,3,5,1,
081918,Sallent,Sallent,6592,JxCat,16,29,25,12,6,8,3,
081923,Santpedor,Santpedor,7520,JxCat,15,34,29,7,5,5,2,
081939,Sant Iscle de Vallalta,Sant Iscle de Vallalta,1292,JxCat,16,35,31,5,4,4,4,
081944,Sant Adrià de Besòs,Sant Adrià de Besòs,36496,C's,35,8,17,19,10,3,7,
081957,Sant Agustí de Lluçanès,Sant Agustí de Lluçanès,92,JxCat,7,67,18,0,1,4,0,
081960,Sant Andreu de la Barca,Sant Andreu de la Barca,27434,C's,38,7,17,22,9,2,4,
081976,Sant Andreu de Llavaneres,Sant Andreu de Llavaneres,10663,JxCat,25,31,23,9,5,3,4,
081982,Sant Antoni de Vilamajor,Sant Antoni de Vilamajor,5862,JxCat,18,30,29,7,6,6,2,
081995,Sant Bartomeu del Grau,Sant Bartomeu del Grau,850,JxCat,10,49,27,6,2,4,3,
082009,Sant Boi de Llobregat,St Boi,82402,C's,33,8,17,21,11,3,4,
082016,Sant Boi de Lluçanès,Sant Boi de Lluçanès,527,JxCat,4,48,34,4,3,3,3,
082021,Sant Celoni,Sant Celoni,17540,JxCat,18,33,23,11,6,5,3,
082037,Sant Cebrià de Vallalta,Sant Cebrià de Vallalta,3329,JxCat,19,30,28,8,6,6,2,
082042,Sant Climent de Llobregat,Sant Climent de Llobregat,4024,ERC,21,21,24,16,9,4,2,
082055,Sant Cugat del Vallès,SCu,88921,JxCat,23,29,21,11,7,5,3,
082068,Sant Cugat Sesgarrigues,Sant Cugat Sesgarrigues,973,JxCat,13,36,28,8,5,8,1,
082074,Sant Esteve de Palautordera,Sant Esteve de Palautordera,2599,JxCat,7,47,28,3,3,10,1,
082080,Sant Esteve Sesrovires,Sant Esteve Sesrovires,7644,C's,27,16,25,14,9,4,3,
082093,Sant Fost de Campsentelles,Sant Fost de Campsentelles,8650,C's,28,17,23,13,8,4,5,
082107,Sant Feliu de Codines,Sant Feliu de Codines,5968,JxCat,15,34,28,7,4,7,2,
082114,Sant Feliu de Llobregat,St Feliu,44086,C's,31,12,19,18,10,3,4,
082129,Sant Feliu Sasserra,Sant Feliu Sasserra,612,JxCat,5,55,29,3,1,4,3,
082135,Sant Fruitós de Bages,Sant Fruitós de Bages,8387,JxCat,19,34,25,9,6,4,2,
082140,Vilassar de Dalt,Vilassar de Dalt,8953,JxCat,18,32,27,9,5,5,3,
082153,Sant Hipòlit de Voltregà,Sant Hipòlit de Voltregà,3462,JxCat,11,44,25,8,2,6,2,
082166,Sant Jaume de Frontanyà,Sant Jaume de Frontanyà,27,ERC,4,35,43,13,0,4,0,
082172,Sant Joan Despí,Sant Joan Despí,33502,C's,32,12,17,22,10,2,4,
082188,Sant Joan de Vilatorrada,Sant Joan de Vilatorrada,10759,C's,26,25,22,13,7,3,3,
082191,Vilassar de Mar,Vilassar de Mar,20678,JxCat,19,31,25,10,7,5,3,
082205,Sant Julià de Vilatorta,Sant Julià de Vilatorta,3113,JxCat,4,59,26,2,2,5,1,
082212,Sant Just Desvern,Sant Just Desvern,16927,JxCat,22,25,21,15,7,5,4,
082227,Sant Llorenç d'Hortons,Sant Llorenç d'Hortons,2562,ERC,17,28,30,8,7,6,2,
082233,Sant Llorenç Savall,Sant Llorenç Savall,2375,JxCat,16,32,30,7,4,8,2,
082248,Sant Martí de Centelles,Sant Martí de Centelles,1122,JxCat,15,36,27,7,5,7,1,
082251,Sant Martí d'Albars,Sant Martí d'Albars,108,JxCat,1,64,18,1,1,8,4,
082264,Sant Martí de Tous,Sant Martí de Tous,1190,JxCat,7,43,31,5,3,7,2,
082270,Sant Martí Sarroca,Sant Martí Sarroca,3099,JxCat,14,37,24,8,5,8,3,
082286,Sant Martí Sesgueioles,Sant Martí Sesgueioles,371,JxCat,9,43,27,5,4,10,3,
082299,Sant Mateu de Bages,Sant Mateu de Bages,618,JxCat,5,55,25,4,2,5,3,
082303,Premià de Dalt,Premià de Dalt,10446,C's,27,26,20,12,6,4,3,
082310,Sant Pere de Ribes,Sant Pere de Ribes,29842,C's,32,15,19,16,8,5,3,
082325,Sant Pere de Riudebitlles,Sant Pere de Riudebitlles,2369,JxCat,11,39,28,9,3,7,2,
082331,Sant Pere de Torelló,Sant Pere de Torelló,2427,JxCat,8,49,29,4,2,6,1,
082346,Sant Pere de Vilamajor,Sant Pere de Vilamajor,4257,ERC,19,26,29,9,6,6,3,
082359,Sant Pol de Mar,Sant Pol de Mar,4951,JxCat,12,40,28,6,5,7,2,
082362,Sant Quintí de Mediona,Sant Quintí de Mediona,2121,ERC,11,32,36,6,4,6,5,
082378,Sant Quirze de Besora,Sant Quirze de Besora,2125,JxCat,8,53,27,5,2,3,1,
082384,Sant Quirze del Vallès,Sant Quirze del Vallès,19664,JxCat,23,26,26,11,7,4,2,
082397,Sant Quirze Safaja,Sant Quirze Safaja,637,JxCat,17,42,21,6,6,5,2,
082401,Sant Sadurní d'Anoia,Sant Sadurní d'Anoia,12654,JxCat,15,29,26,12,7,6,3,
082418,Sant Sadurní d'Osormort,Sant Sadurní d'Osormort,80,JxCat,9,45,28,5,2,6,5,
082423,Marganell,Marganell,277,JxCat,10,46,20,9,2,7,3,
082439,Santa Cecília de Voltregà,Santa Cecília de Voltregà,183,JxCat,2,62,30,2,0,3,1,
082444,Santa Coloma de Cervelló,Santa Coloma de Cervelló,8073,ERC,25,15,26,14,12,4,3,
082457,Santa Coloma de Gramenet,SCo,117153,C's,35,5,13,24,11,3,7,
082460,Santa Eugènia de Berga,Santa Eugènia de Berga,2246,JxCat,7,52,31,3,1,5,1,
082476,Santa Eulàlia de Riuprimer,Santa Eulàlia de Riuprimer,1266,JxCat,7,53,24,2,2,9,1,
082482,Santa Eulàlia de Ronçana,Santa Eulàlia de Ronçana,7049,ERC,23,26,26,10,7,5,3,
082495,Santa Fe del Penedès,Santa Fe del Penedès,374,JxCat,6,45,31,4,3,10,2,
082508,Santa Margarida de Montbui,Santa Margarida de Montbui,9611,C's,38,11,15,19,8,3,3,
082515,Santa Margarida i els Monjos,Santa Margarida i els Monjos,7360,C's,28,21,21,14,6,4,3,
082520,Barberà del Vallès,Barberà del Vallès,32832,C's,35,8,17,20,11,3,4,
082536,Santa Maria de Besora,Santa Maria de Besora,148,JxCat,1,63,26,0,3,6,1,
082541,Esquirol,Esquirol,2168,JxCat,3,54,27,2,2,11,1,
082554,Santa Maria de Merlès,Santa Maria de Merlès,178,JxCat,1,55,20,3,2,16,0,
082567,Santa Maria de Martorelles,Santa Maria de Martorelles,861,ERC,17,25,29,7,9,8,2,
082573,Santa Maria de Miralles,Santa Maria de Miralles,132,JxCat,6,51,25,4,9,2,1,
082589,Santa Maria d'Oló,Santa Maria d'Oló,1054,JxCat,3,44,36,3,2,10,2,
082592,Santa Maria de Palautordera,Santa Maria de Palautordera,9194,JxCat,15,34,26,9,6,6,3,
082606,Santa Perpètua de Mogoda,Santa Perpètua de Mogoda,25556,C's,35,12,18,16,11,3,4,
082613,Santa Susanna,Santa Susanna,3323,C's,31,24,23,9,5,4,3,
082628,Sant Vicenç de Castellet,Sant Vicenç de Castellet,9235,ERC,22,22,28,13,6,4,3,
082634,Sant Vicenç dels Horts,Sant Vicenç dels Horts,27961,C's,36,6,26,17,8,2,3,
082649,Sant Vicenç de Montalt,Sant Vicenç de Montalt,6182,JxCat,25,34,21,9,4,3,3,
082652,Sant Vicenç de Torelló,Sant Vicenç de Torelló,1996,JxCat,6,48,29,4,2,8,1,
082665,Cerdanyola del Vallès,Cerdany.,57543,C's,29,13,19,18,10,4,4,
082671,Sentmenat,Sentmenat,8700,C's,25,20,23,13,8,6,3,
082687,Cercs,Cercs,1183,JxCat,13,36,31,8,3,5,2,
082690,Seva,Seva,3446,JxCat,10,48,26,4,2,7,2,
082704,Sitges,Sitges,28478,C's,28,23,21,13,7,4,4,
082711,Sobremunt,Sobremunt,83,JxCat,3,57,20,2,3,15,0,
082726,Sora,Sora,189,JxCat,5,55,29,1,3,7,0,
082732,Subirats,Subirats,2997,JxCat,10,41,28,5,4,9,2,
082747,Súria,Súria,5873,JxCat,22,25,22,16,6,5,3,
082750,Tavèrnoles,Tavèrnoles,318,JxCat,3,57,22,4,2,10,1,
082763,Tagamanent,Tagamanent,316,JxCat,14,36,30,2,4,10,1,
082779,Talamanca,Talamanca,186,JxCat,6,48,29,2,3,9,4,
082785,Taradell,Taradell,6321,JxCat,7,55,24,4,2,6,1,
082798,Terrassa,T,215121,C's,30,17,20,15,9,4,4,
082802,Tavertet,Tavertet,112,JxCat,8,47,22,5,2,17,0,
082819,Teià,Teià,6254,JxCat,18,34,25,8,6,6,2,
082824,Tiana,Tiana,8553,JxCat,17,30,28,10,6,5,3,
082830,Tona,Tona,7951,JxCat,14,45,24,6,3,5,2,
082845,Tordera,Tordera,16453,C's,26,25,22,13,7,3,3,
082858,Torelló,Torelló,13877,JxCat,14,42,25,7,3,6,2,
082861,Torre de Claramunt,Torre de Claramunt,3722,C's,34,19,19,13,5,4,3,
082877,Torrelavit,Torrelavit,1413,JxCat,8,46,28,4,5,6,1,
082883,Torrelles de Foix,Torrelles de Foix,2201,JxCat,22,24,24,14,6,5,4,
082896,Torrelles de Llobregat,Torrelles de Llobregat,5933,ERC,19,21,32,11,8,7,1,
082900,Ullastrell,Ullastrell,2039,ERC,15,30,33,7,5,6,1,
082917,Vacarisses,Vacarisses,6192,C's,29,17,25,12,8,5,2,
082922,Vallbona d'Anoia,Vallbona d'Anoia,1412,ERC,16,23,29,12,5,9,3,
082938,Vallcebre,Vallcebre,254,JxCat,5,53,27,6,2,7,2,
082943,Vallgorguina,Vallgorguina,2772,JxCat,14,35,30,6,6,7,2,
082956,Vallirana,Vallirana,14676,C's,31,14,22,17,8,3,3,
082969,Vallromanes,Vallromanes,2525,JxCat,20,33,25,10,5,3,2,
082975,Veciana,Veciana,173,JxCat,12,56,17,4,4,5,2,
082981,Vic,Vic,43287,JxCat,13,44,24,7,3,6,2,
082994,Vilada,Vilada,430,JxCat,4,49,29,7,3,6,2,
083008,Viladecavalls,Viladecavalls,7354,C's,29,19,23,11,9,4,3,
083015,Viladecans,Vldcans.,65779,C's,37,7,14,23,10,2,4,
083020,Vilanova del Camí,Vilanova del Camí,12409,C's,39,11,16,18,8,2,4,
083036,Vilanova de Sau,Vilanova de Sau,309,JxCat,7,45,26,4,5,11,1,
083041,Vilobí del Penedès,Vilobí del Penedès,1103,JxCat,10,45,28,5,3,7,1,
083054,Vilafranca del Penedès,Vilafranca del Penedès,39365,JxCat,19,29,24,11,6,7,3,
083067,Vilalba Sasserra,Vilalba Sasserra,684,ERC,20,26,33,6,5,4,4,
083073,Vilanova i la Geltrú,Vilanov.,65972,C's,25,19,23,14,8,6,3,
083089,Viver i Serrateix,Viver i Serrateix,162,JxCat,1,77,10,3,0,9,1,
089019,Rupit i Pruit,Rupit i Pruit,277,JxCat,5,55,29,3,3,3,1,
089024,Vilanova del Vallès,Vilanova del Vallès,5217,JxCat,25,26,23,11,7,4,3,
089030,Sant Julià de Cerdanyola,Sant Julià de Cerdanyola,251,JxCat,4,52,29,2,4,8,1,
089045,Badia del Vallès,Badia del Vallès,13482,C's,39,4,12,23,11,3,5,
089058,Palma de Cervelló,Palma de Cervelló,3000,JxCat,18,28,27,11,7,5,2,
170010,Agullana,Agullana,841,ERC,13,33,34,5,3,8,1,
170025,Aiguaviva,Aiguaviva,763,JxCat,11,51,24,5,2,5,2,
170031,Albanyà,Albanyà,147,JxCat,0,54,23,1,1,16,2,
170046,Albons,Albons,765,JxCat,8,46,31,4,3,6,1,
170059,Far d'Empordà,Far d'Empordà,553,JxCat,16,37,28,6,5,3,5,
170062,Alp,Alp,1536,JxCat,12,40,30,6,3,6,2,
170078,Amer,Amer,2260,JxCat,8,62,17,4,2,5,2,
170084,Anglès,Anglès,5473,JxCat,11,53,20,5,3,5,2,
170097,Arbúcies,Arbúcies,6380,JxCat,7,48,26,4,3,9,2,
170101,Argelaguer,Argelaguer,415,JxCat,2,50,23,3,4,15,1,
170118,Armentera,Armentera,935,JxCat,8,49,27,6,2,7,1,
170123,Avinyonet de Puigventós,Avinyonet de Puigventós,1587,JxCat,26,31,27,6,4,3,2,
170139,Begur,Begur,3957,JxCat,24,29,22,12,4,4,3,
170144,Vajol,Vajol,83,JxCat,23,40,29,0,0,6,0,
170157,Banyoles,Banyoles,19239,JxCat,9,50,23,4,3,7,2,
170160,Bàscara,Bàscara,980,JxCat,9,46,26,4,2,8,3,
170182,Bellcaire d'Empordà,Bellcaire d'Empordà,647,JxCat,10,44,29,5,3,8,1,
170195,Besalú,Besalú,2438,JxCat,6,60,21,5,2,4,1,
170209,Bescanó,Bescanó,4854,JxCat,10,52,23,4,3,6,1,
170216,Beuda,Beuda,199,JxCat,0,41,20,13,4,23,1,
170221,Bisbal d'Empordà,Bisbal d'Empordà,10742,JxCat,13,38,26,9,4,7,2,
170237,Blanes,Blanes,39060,C's,30,19,18,15,8,3,4,
170242,Bolvir,Bolvir,375,JxCat,15,47,19,6,2,6,4,
170255,Bordils,Bordils,1680,JxCat,9,51,20,5,3,9,1,
170268,Borrassà,Borrassà,711,JxCat,14,54,21,4,2,4,1,
170274,Breda,Breda,3722,JxCat,10,38,34,7,3,6,2,
170280,Brunyola,Brunyola,375,JxCat,6,59,21,3,4,5,1,
170293,Boadella i les Escaules,Boadella i les Escaules,266,JxCat,16,35,29,5,5,9,2,
170307,Cabanes,Cabanes,915,JxCat,24,36,19,7,3,6,5,
170314,Cabanelles,Cabanelles,257,JxCat,7,46,22,1,2,17,3,
170329,Cadaqués,Cadaqués,2837,JxCat,13,38,28,9,5,5,1,
170335,Caldes de Malavella,Caldes de Malavella,7220,JxCat,22,34,21,9,6,5,3,
170340,Calonge,Calonge,10709,JxCat,21,33,23,10,4,4,3,
170353,Camós,Camós,683,JxCat,8,54,23,3,2,8,1,
170366,Campdevànol,Campdevànol,3314,JxCat,14,40,28,6,4,5,3,
170372,Campelles,Campelles,137,JxCat,4,66,13,0,4,6,6,
170388,Campllong,Campllong,516,JxCat,8,57,19,3,5,4,3,
170391,Camprodon,Camprodon,2221,JxCat,10,52,20,7,3,6,2,
170405,Canet d'Adri,Canet d'Adri,702,JxCat,6,55,18,3,3,11,2,
170412,Cantallops,Cantallops,317,ERC,8,30,39,7,5,6,2,
170427,Capmany,Capmany,596,JxCat,14,46,25,5,4,4,2,
170433,Queralbs,Queralbs,174,JxCat,7,53,26,4,1,7,2,
170448,Cassà de la Selva,Cassà de la Selva,10025,JxCat,13,46,23,7,3,5,2,
170464,Castellfollit de la Roca,Castellfollit de la Roca,970,JxCat,10,41,30,5,3,6,2,
170470,Castelló d'Empúries,Castelló d'Empúries,10784,C's,29,28,20,9,4,4,5,
170486,Castell-Platja d'Aro,Castell-Platja d'Aro,10567,JxCat,28,32,17,12,4,2,4,
170499,Celrà,Celrà,5303,JxCat,14,35,23,8,4,14,1,
170502,Cervià de Ter,Cervià de Ter,916,JxCat,8,43,32,3,3,9,2,
170519,Cistella,Cistella,293,JxCat,7,52,22,5,1,9,3,
170524,Siurana,Siurana,155,JxCat,5,49,26,2,6,9,2,
170545,Colera,Colera,522,JxCat,19,37,28,6,4,5,1,
170558,Colomers,Colomers,188,JxCat,0,54,22,4,4,14,1,
170561,Cornellà del Terri,Cornellà del Terri,2279,JxCat,7,57,20,4,2,6,2,
170577,Corçà,Corçà,1249,JxCat,8,50,24,6,3,7,2,
170583,Crespià,Crespià,267,JxCat,5,49,22,1,5,14,4,
170600,Darnius,Darnius,550,JxCat,16,32,30,6,3,7,6,
170617,Das,Das,215,JxCat,12,46,28,1,1,6,4,
170622,Escala,Escala,10400,JxCat,21,34,20,9,6,6,2,
170638,Espinelves,Espinelves,201,JxCat,3,50,29,2,1,13,1,
170643,Espolla,Espolla,421,JxCat,16,35,23,11,2,9,3,
170656,Esponellà,Esponellà,456,JxCat,5,56,21,3,4,10,1,
170669,Figueres,Fig.,45726,C's,29,26,20,10,4,4,5,
170675,Flaçà,Flaçà,1018,JxCat,9,50,25,5,2,8,1,
170681,Foixà,Foixà,309,JxCat,6,55,21,4,5,7,1,
170694,Fontanals de Cerdanya,Fontanals de Cerdanya,446,JxCat,14,44,24,5,1,7,3,
170708,Fontanilles,Fontanilles,140,JxCat,6,58,24,5,2,4,0,
170715,Fontcoberta,Fontcoberta,1471,JxCat,7,53,27,3,1,7,1,
170736,Fornells de la Selva,Fornells de la Selva,2547,JxCat,12,51,21,5,2,5,2,
170741,Fortià,Fortià,721,JxCat,18,31,28,9,3,6,3,
170754,Garrigàs,Garrigàs,435,JxCat,10,40,30,3,2,12,2,
170767,Garrigoles,Garrigoles,163,JxCat,10,38,25,2,3,22,2,
170773,Garriguella,Garriguella,854,JxCat,18,39,23,8,4,4,3,
170789,Ger,Ger,436,JxCat,10,46,27,6,1,6,3,
170792,Girona,G,98255,JxCat,20,37,19,10,4,7,3,
170806,Gombrèn,Gombrèn,184,JxCat,13,42,24,4,1,10,6,
170813,Gualta,Gualta,376,JxCat,14,53,17,2,3,9,2,
170828,Guils de Cerdanya,Guils de Cerdanya,531,JxCat,16,46,24,3,3,4,3,
170834,Hostalric,Hostalric,4058,JxCat,19,31,25,10,6,5,3,
170849,Isòvol,Isòvol,276,JxCat,8,44,29,7,5,7,1,
170852,Jafre,Jafre,386,JxCat,6,45,30,3,1,13,1,
170865,Jonquera,Jonquera,3231,C's,34,22,20,10,4,3,5,
170871,Juià,Juià,327,JxCat,7,52,22,2,2,11,2,
170887,Lladó,Lladó,752,JxCat,7,38,38,3,4,6,2,
170890,Llagostera,Llagostera,8266,JxCat,16,41,23,8,3,6,2,
170904,Llambilles,Llambilles,723,JxCat,11,59,17,5,3,2,2,
170911,Llanars,Llanars,514,JxCat,8,61,21,2,1,4,1,
170926,Llançà,Llançà,4934,JxCat,20,30,28,11,4,4,3,
170932,Llers,Llers,1210,JxCat,15,43,26,3,4,5,3,
170947,Llívia,Llívia,1467,JxCat,16,37,29,6,2,6,3,
170950,Lloret de Mar,Lloret de Mar,37042,C's,36,19,16,13,6,3,4,
170963,Llosses,Llosses,213,JxCat,4,50,25,3,4,12,2,
170979,Madremanya,Madremanya,280,JxCat,3,51,20,3,3,16,2,
170985,Maià de Montcal,Maià de Montcal,433,JxCat,18,41,22,6,5,6,2,
170998,Meranges,Meranges,99,JxCat,15,43,28,1,0,3,9,
171002,Masarac,Masarac,289,JxCat,10,55,21,3,1,7,1,
171019,Massanes,Massanes,742,JxCat,17,32,27,9,4,5,2,
171024,Maçanet de Cabrenys,Maçanet de Cabrenys,740,JxCat,10,39,35,6,1,6,2,
171030,Maçanet de la Selva,Maçanet de la Selva,6819,C's,28,24,20,12,6,5,3,
171058,Mieres,Mieres,317,JxCat,8,41,22,2,5,20,2,
171061,Mollet de Peralada,Mollet de Peralada,180,JxCat,6,41,39,3,3,7,2,
171077,Molló,Molló,335,JxCat,5,58,25,3,0,6,2,
171096,Montagut i Oix,Montagut i Oix,929,JxCat,5,50,26,3,3,10,2,
171100,Mont-ras,Mont-ras,1690,JxCat,25,33,19,12,4,3,4,
171117,Navata,Navata,1329,JxCat,11,48,23,4,3,9,2,
171122,Ogassa,Ogassa,225,JxCat,12,51,23,2,3,6,2,
171143,Olot,Olot,34000,JxCat,13,45,23,7,3,5,2,
171156,Ordis,Ordis,377,JxCat,11,46,27,3,1,7,3,
171169,Osor,Osor,434,JxCat,5,47,30,4,3,9,1,
171175,Palafrugell,Palafrugell,22868,JxCat,25,31,21,10,5,4,3,
171181,Palamós,Palamós,17677,JxCat,23,32,23,10,4,4,3,
171194,Palau de Santa Eulàlia,Palau de Santa Eulàlia,90,ERC,3,31,33,12,10,10,0,
171208,Palau-saverdera,Palau-saverdera,1471,JxCat,22,35,26,7,2,3,2,
171215,Palau-sator,Palau-sator,297,JxCat,6,57,19,7,1,6,3,
171236,Palol de Revardit,Palol de Revardit,470,JxCat,6,62,18,3,2,6,3,
171241,Pals,Pals,2423,JxCat,12,45,24,10,2,5,1,
171254,Pardines,Pardines,158,JxCat,3,56,27,3,5,5,1,
171267,Parlavà,Parlavà,392,JxCat,5,51,31,1,2,9,1,
171289,Pau,Pau,551,JxCat,13,43,26,6,3,7,1,
171292,Pedret i Marzà,Pedret i Marzà,180,JxCat,21,36,26,1,2,6,8,
171306,Pera,Pera,441,JxCat,5,57,26,3,1,5,2,
171328,Peralada,Peralada,1835,JxCat,15,45,23,6,3,4,2,
171334,Planes d'Hostoles,Planes d'Hostoles,1662,JxCat,6,65,17,3,1,6,1,
171349,Planoles,Planoles,299,JxCat,4,48,30,2,4,8,0,
171352,Pont de Molins,Pont de Molins,517,JxCat,20,32,30,6,4,4,4,
171365,Pontós,Pontós,234,JxCat,11,39,19,4,10,12,4,
171371,Porqueres,Porqueres,4530,JxCat,8,52,26,4,2,6,2,
171387,Portbou,Portbou,1170,ERC,23,21,24,16,5,4,4,
171390,Preses,Preses,1781,JxCat,8,54,22,5,3,5,1,
171404,Port de la Selva,Port de la Selva,994,JxCat,13,50,19,7,3,6,3,
171411,Puigcerdà,Puigcerdà,8810,JxCat,27,29,22,8,3,4,5,
171426,Quart,Quart,3478,JxCat,18,40,21,8,5,5,2,
171432,Rabós,Rabós,188,JxCat,9,41,32,4,7,7,0,
171447,Regencós,Regencós,279,JxCat,14,47,23,3,5,7,1,
171450,Ribes de Freser,Ribes de Freser,1785,JxCat,13,44,27,5,3,6,2,
171463,Riells i Viabrea,Riells i Viabrea,3927,JxCat,19,28,26,11,6,4,3,
171479,Ripoll,Ripoll,10583,JxCat,15,42,23,9,3,4,2,
171485,Riudarenes,Riudarenes,2120,JxCat,23,39,17,9,4,5,2,
171498,Riudaura,Riudaura,466,JxCat,2,52,27,3,3,11,1,
171501,Riudellots de la Selva,Riudellots de la Selva,2024,JxCat,13,53,19,5,3,5,1,
171518,Riumors,Riumors,255,JxCat,11,38,34,4,1,7,4,
171523,Roses,Roses,19438,C's,36,22,18,11,4,2,5,
171539,Rupià,Rupià,253,JxCat,6,40,25,4,4,19,1,
171544,Sales de Llierca,Sales de Llierca,137,ERC,0,19,30,17,5,26,2,
171557,Salt,Salt,29404,JxCat,26,29,19,11,4,6,3,
171576,Sant Andreu Salou,Sant Andreu Salou,155,JxCat,9,56,16,5,5,9,0,
171582,Sant Climent Sescebes,Sant Climent Sescebes,641,C's,31,28,26,4,4,4,3,
171595,Sant Feliu de Buixalleu,Sant Feliu de Buixalleu,799,JxCat,9,50,23,4,4,8,2,
171609,Sant Feliu de Guíxols,Sant Feliu de Guíxols,21760,JxCat,23,29,22,13,6,3,3,
171616,Sant Feliu de Pallerols,Sant Feliu de Pallerols,1317,JxCat,5,50,29,3,3,6,2,
171621,Sant Ferriol,Sant Ferriol,231,JxCat,8,42,19,4,8,12,7,
171637,Sant Gregori,Sant Gregori,3553,JxCat,8,51,23,4,3,9,1,
171642,Sant Hilari Sacalm,Sant Hilari Sacalm,5570,JxCat,10,48,25,6,2,6,2,
171655,Sant Jaume de Llierca,Sant Jaume de Llierca,873,JxCat,7,50,23,5,3,8,2,
171668,Sant Jordi Desvalls,Sant Jordi Desvalls,700,JxCat,6,54,27,2,2,8,0,
171674,Sant Joan de les Abadesses,Sant Joan de les Abadesses,3342,JxCat,8,49,25,7,2,5,2,
171680,Sant Joan de Mollet,Sant Joan de Mollet,495,JxCat,8,49,26,4,3,7,1,
171693,Sant Julià de Ramis,Sant Julià de Ramis,2606,JxCat,20,39,22,8,4,5,2,
171707,Vallfogona de Ripollès,Vallfogona de Ripollès,200,JxCat,3,44,42,2,0,8,0,
171714,Sant Llorenç de la Muga,Sant Llorenç de la Muga,247,JxCat,11,37,31,3,6,6,3,
171729,Sant Martí de Llémena,Sant Martí de Llémena,618,JxCat,8,45,27,2,5,10,1,
171735,Sant Martí Vell,Sant Martí Vell,250,JxCat,11,34,33,3,6,8,2,
171740,Sant Miquel de Campmajor,Sant Miquel de Campmajor,226,JxCat,5,44,29,3,2,15,1,
171753,Sant Miquel de Fluvià,Sant Miquel de Fluvià,742,C's,29,17,18,14,5,6,9,
171766,Sant Mori,Sant Mori,176,JxCat,23,39,15,10,6,5,2,
171772,Sant Pau de Segúries,Sant Pau de Segúries,670,JxCat,8,53,24,3,3,5,2,
171788,Sant Pere Pescador,Sant Pere Pescador,2134,JxCat,12,44,27,6,2,6,2,
171805,Santa Coloma de Farners,Santa Coloma de Farners,12583,JxCat,15,45,22,6,4,5,2,
171812,Santa Cristina d'Aro,Santa Cristina d'Aro,5128,JxCat,24,33,23,8,5,3,3,
171827,Santa Llogaia d'Àlguema,Santa Llogaia d'Àlguema,343,C's,37,17,18,11,6,1,7,
171833,Sant Aniol de Finestres,Sant Aniol de Finestres,371,JxCat,8,54,20,2,3,12,1,
171848,Santa Pau,Santa Pau,1524,JxCat,7,53,26,3,3,6,1,
171851,Sant Joan les Fonts,Sant Joan les Fonts,2906,JxCat,10,53,22,5,3,5,2,
171864,Sarrià de Ter,Sarrià de Ter,5035,JxCat,24,28,25,10,5,5,2,
171870,Saus Camallera i Llampaies,Saus,842,JxCat,8,42,25,9,7,8,2,
171886,Selva de Mar,Selva de Mar,188,JxCat,6,40,30,1,6,13,1,
171899,Cellera de Ter,Cellera de Ter,2054,JxCat,5,59,22,4,2,6,1,
171903,Serinyà,Serinyà,1132,JxCat,5,51,26,4,4,7,2,
171910,Serra de Daró,Serra de Daró,209,JxCat,4,60,22,2,4,8,0,
171925,Setcases,Setcases,181,JxCat,6,59,16,7,0,3,8,
171931,Sils,Sils,5910,JxCat,27,32,19,9,4,4,3,
171946,Susqueda,Susqueda,95,JxCat,7,51,27,3,1,6,4,
171959,Tallada d'Empordà,Tallada d'Empordà,451,JxCat,4,50,28,7,4,5,1,
171962,Terrades,Terrades,285,JxCat,15,40,26,5,5,6,4,
171978,Torrent,Torrent,163,JxCat,12,44,25,10,4,5,0,
171984,Torroella de Fluvià,Torroella de Fluvià,711,JxCat,20,35,26,6,4,7,1,
171997,Torroella de Montgrí,Torroella de Montgrí,11506,JxCat,19,38,26,6,3,6,2,
172001,Tortellà,Tortellà,781,JxCat,5,42,26,5,3,14,2,
172018,Toses,Toses,166,JxCat,7,55,27,2,0,9,0,
172023,Tossa de Mar,Tossa de Mar,5498,JxCat,22,31,24,11,4,5,3,
172039,Ultramort,Ultramort,210,JxCat,4,43,26,5,5,15,1,
172044,Ullà,Ullà,1077,JxCat,18,40,20,7,3,6,4,
172057,Ullastret,Ullastret,288,JxCat,2,63,21,3,3,8,1,
172060,Urús,Urús,181,JxCat,8,40,29,4,3,10,3,
172076,Vall d'en Bas,Vall d'en Bas,2983,JxCat,4,55,26,3,2,6,2,
172082,Vall de Bianya,Vall de Bianya,1266,JxCat,8,50,25,4,3,8,1,
172095,Vall-llobrega,Vall-llobrega,922,JxCat,19,40,23,6,4,4,2,
172109,Ventalló,Ventalló,802,JxCat,14,45,23,5,2,8,3,
172116,Verges,Verges,1150,JxCat,9,49,24,2,2,12,1,
172121,Vidrà,Vidrà,176,JxCat,3,58,23,6,1,7,1,
172137,Vidreres,Vidreres,7632,JxCat,24,35,21,7,4,4,3,
172142,Vilabertran,Vilabertran,919,JxCat,15,41,29,4,3,5,3,
172155,Vilablareix,Vilablareix,2636,JxCat,17,36,31,7,3,4,1,
172168,Viladasens,Viladasens,224,JxCat,4,48,21,5,0,20,2,
172174,Viladamat,Viladamat,466,JxCat,6,43,21,3,4,22,2,
172180,Vilademuls,Vilademuls,808,JxCat,5,47,23,3,3,15,3,
172207,Viladrau,Viladrau,1030,JxCat,7,53,25,4,1,6,2,
172214,Vilafant,Vilafant,5466,C's,30,26,22,9,4,4,4,
172229,Vilaür,Vilaür,156,JxCat,2,59,19,1,2,15,1,
172235,Vilajuïga,Vilajuïga,1155,JxCat,21,34,20,8,6,8,2,
172240,Vilallonga de Ter,Vilallonga de Ter,400,JxCat,6,60,21,3,3,4,3,
172253,Vilamacolum,Vilamacolum,320,JxCat,14,40,35,3,1,6,2,
172266,Vilamalla,Vilamalla,1121,C's,40,27,14,7,3,2,4,
172272,Vilamaniscle,Vilamaniscle,202,JxCat,7,40,35,6,2,11,0,
172288,Vilanant,Vilanant,405,JxCat,11,47,21,6,4,7,3,
172305,Vila-sacra,Vila-sacra,713,JxCat,25,34,21,9,3,3,4,
172327,Vilopriu,Vilopriu,201,JxCat,7,37,29,6,6,15,0,
172333,Vilobí d'Onyar,Vilobí d'Onyar,3163,JxCat,14,51,20,4,3,5,2,
172348,Biure,Biure,233,ERC,22,26,28,9,5,6,3,
179011,Cruïlles Monells i Sant Sadurní de l'Heura,Cruïlles,1292,JxCat,11,41,26,6,3,10,2,
179026,Forallac,Forallac,1723,JxCat,13,45,23,6,3,8,1,
179032,Sant Julià del Llor i Bonmatí,Sant Julià del Llor i Bonmatí,1282,JxCat,15,51,19,5,3,3,1,
250019,Abella de la Conca,Abella de la Conca,181,JxCat,8,43,26,11,3,7,0,
250024,Àger,Àger,602,JxCat,8,37,33,5,2,11,3,
250030,Agramunt,Agramunt,5390,ERC,15,31,37,5,3,3,4,
250045,Alamús,Alamús,799,JxCat,12,42,29,7,4,4,2,
250058,Alàs i Cerc,Alàs i Cerc,350,JxCat,10,40,25,8,3,9,3,
250061,Albagés,Albagés,403,JxCat,16,31,31,11,2,3,4,
250077,Albatàrrec,Albatàrrec,2291,ERC,19,27,31,9,4,4,3,
250083,Albesa,Albesa,1596,JxCat,9,46,29,3,2,3,6,
250096,Albi,Albi,803,JxCat,12,38,28,6,4,4,5,
250100,Alcanó,Alcanó,249,JxCat,5,42,38,2,2,7,1,
250117,Alcarràs,Alcarràs,9297,ERC,17,30,33,7,3,4,4,
250122,Alcoletge,Alcoletge,3375,ERC,22,24,30,9,5,4,4,
250138,Alfarràs,Alfarràs,2923,ERC,19,23,25,16,5,4,6,
250143,Alfés,Alfés,326,JxCat,2,46,40,1,0,7,2,
250156,Algerri,Algerri,423,JxCat,12,38,31,3,5,3,5,
250169,Alguaire,Alguaire,3006,JxCat,12,36,33,8,3,4,3,
250175,Alins,Alins,287,JxCat,3,51,33,3,3,4,2,
250194,Almacelles,Almacelles,6800,JxCat,22,27,24,10,6,4,6,
250208,Almatret,Almatret,327,JxCat,10,43,31,3,2,3,7,
250215,Almenar,Almenar,3502,ERC,13,32,34,9,3,5,3,
250220,Alòs de Balaguer,Alòs de Balaguer,125,JxCat,2,59,30,1,3,2,2,
250236,Alpicat,Alpicat,6233,JxCat,20,33,25,9,4,4,4,
250241,Alt Àneu,Alt Àneu,402,JxCat,2,39,36,6,4,11,1,
250254,Naut Aran,Naut Aran,1764,C's,33,17,12,18,7,5,5,
250273,Anglesola,Anglesola,1335,JxCat,11,44,32,3,2,4,3,
250292,Arbeca,Arbeca,2240,JxCat,6,45,30,6,2,6,4,
250306,Pont de Bar,Pont de Bar,165,JxCat,7,50,26,1,0,13,0,
250313,Arres,Arres,64,C's,58,21,5,8,0,0,8,
250328,Arsèguel,Arsèguel,83,ERC,4,30,46,2,2,13,2,
250334,Artesa de Lleida,Artesa de Lleida,1512,JxCat,11,44,27,5,3,7,2,
250349,Artesa de Segre,Artesa de Segre,3556,JxCat,10,44,31,4,1,5,4,
250352,Sentiu de Sió,Sentiu de Sió,462,JxCat,13,35,30,6,4,6,4,
250365,Aspa,Aspa,217,JxCat,18,27,21,12,6,7,6,
250371,Avellanes i Santa Linya,Avellanes i Santa Linya,465,JxCat,8,41,34,3,3,6,4,
250387,Aitona,Aitona,2523,JxCat,13,42,23,6,2,2,11,
250390,Baix Pallars,Baix Pallars,342,JxCat,7,32,30,6,7,15,1,
250404,Balaguer,Balaguer,16530,JxCat,18,31,27,10,4,4,5,
250411,Barbens,Barbens,943,JxCat,10,38,29,10,4,5,3,
250426,Baronia de Rialb,Baronia de Rialb,240,JxCat,7,45,24,6,1,8,6,
250432,Vall de Boí,Vall de Boí,1022,ERC,4,35,38,5,5,11,1,
250447,Bassella,Bassella,235,JxCat,16,44,24,2,2,4,5,
250450,Bausen,Bausen,64,PSC,21,9,9,23,7,16,12,
250463,Belianes,Belianes,539,JxCat,7,38,27,7,4,12,6,
250479,Bellcaire d'Urgell,Bellcaire d'Urgell,1263,JxCat,8,43,31,5,2,6,3,
250485,Bell-lloc d'Urgell,Bell-lloc d'Urgell,2349,JxCat,13,36,29,8,3,5,4,
250498,Bellmunt d'Urgell,Bellmunt d'Urgell,188,JxCat,17,35,32,3,2,9,2,
250501,Bellpuig,Bellpuig,5005,JxCat,10,40,30,6,3,7,3,
250518,Bellver de Cerdanya,Bellver de Cerdanya,1995,JxCat,12,37,32,7,3,7,2,
250523,Bellvís,Bellvís,2264,JxCat,5,42,39,4,3,4,3,
250539,Benavent de Segrià,Benavent de Segrià,1482,JxCat,15,38,30,7,4,3,3,
250557,Biosca,Biosca,187,JxCat,11,50,19,5,4,8,4,
250560,Bovera,Bovera,267,JxCat,3,59,24,4,4,3,1,
250576,Bòrdes,Bòrdes,250,C's,29,12,20,17,9,6,6,
250582,Borges Blanques,Borges Blanques,6000,JxCat,11,43,30,6,2,5,3,
250595,Bossòst,Bossòst,1123,C's,40,11,12,22,5,2,8,
250609,Cabanabona,Cabanabona,77,JxCat,10,51,24,4,0,2,6,
250616,Cabó,Cabó,92,JxCat,11,50,27,5,2,5,0,
250621,Camarasa,Camarasa,879,ERC,11,35,36,6,4,5,2,
250637,Canejan,Canejan,97,PSC,20,22,8,25,0,3,18,
250642,Castellar de la Ribera,Castellar de la Ribera,142,JxCat,5,60,21,2,0,9,3,
250674,Castelldans,Castelldans,958,JxCat,16,33,27,5,4,7,7,
250680,Castellnou de Seana,Castellnou de Seana,736,JxCat,9,53,23,5,1,6,2,
250693,Castelló de Farfanya,Castelló de Farfanya,556,JxCat,5,42,39,5,1,3,4,
250707,Castellserà,Castellserà,1030,JxCat,7,46,31,4,1,7,3,
250714,Cava,Cava,57,ERC,0,40,43,0,0,14,3,
250729,Cervera,Cervera,9013,JxCat,16,36,25,8,3,6,4,
250735,Cervià de les Garrigues,Cervià de les Garrigues,686,JxCat,10,40,36,4,3,5,1,
250740,Ciutadilla,Ciutadilla,204,JxCat,6,38,37,8,0,5,6,
250753,Clariana de Cardener,Clariana de Cardener,141,JxCat,4,41,29,4,2,18,1,
250766,Cogul,Cogul,174,JxCat,11,39,37,7,1,4,0,
250772,Coll de Nargó,Coll de Nargó,574,JxCat,6,46,24,7,2,10,4,
250788,Corbins,Corbins,1401,JxCat,9,36,36,6,5,5,2,
250791,Cubells,Cubells,373,JxCat,6,54,26,3,1,4,6,
250812,Espluga Calba,Espluga Calba,375,JxCat,8,41,29,5,5,8,4,
250827,Espot,Espot,361,JxCat,5,42,36,8,3,3,1,
250851,Estaràs,Estaràs,163,JxCat,18,38,24,4,0,8,7,
250864,Esterri d'Àneu,Esterri d'Àneu,789,ERC,5,36,39,5,3,10,2,
250870,Esterri de Cardós,Esterri de Cardós,69,ERC,2,38,42,4,0,10,0,
250886,Estamariu,Estamariu,119,JxCat,6,65,20,2,1,1,2,
250899,Farrera,Farrera,126,ERC,4,32,33,2,4,24,1,
250925,Floresta,Floresta,155,JxCat,2,42,35,3,1,11,3,
250931,Fondarella,Fondarella,794,JxCat,16,47,25,5,2,3,2,
250946,Foradada,Foradada,172,JxCat,9,59,21,2,1,3,5,
250962,Fuliola,Fuliola,1260,JxCat,9,41,31,5,3,7,4,
250978,Fulleda,Fulleda,87,ERC,12,28,45,1,1,4,5,
250984,Gavet de la Conca,Gavet de la Conca,297,JxCat,3,53,25,8,1,7,2,
250997,Golmés,Golmés,1835,JxCat,9,51,26,4,2,4,4,
251001,Gósol,Gósol,228,JxCat,4,51,25,6,4,7,2,
251018,Granadella,Granadella,723,JxCat,5,39,38,5,2,8,1,
251023,Granja d'Escarp,Granja d'Escarp,977,JxCat,20,35,26,8,4,2,4,
251039,Granyanella,Granyanella,153,JxCat,11,36,26,3,5,7,8,
251044,Granyena de Segarra,Granyena de Segarra,147,JxCat,14,49,16,6,3,6,2,
251057,Granyena de les Garrigues,Granyena de les Garrigues,158,JxCat,8,45,33,2,4,6,1,
251095,Guimerà,Guimerà,275,JxCat,5,61,20,1,0,6,5,
251109,Guissona,Guissona,6892,JxCat,14,34,30,9,4,5,3,
251116,Guixers,Guixers,146,JxCat,8,61,15,2,1,8,5,
251121,Ivars de Noguera,Ivars de Noguera,351,JxCat,14,35,18,7,2,15,8,
251137,Ivars d'Urgell,Ivars d'Urgell,1578,JxCat,8,41,33,6,2,5,4,
251142,Ivorra,Ivorra,114,JxCat,1,74,21,0,0,1,1,
251155,Isona i Conca Dellà,Isona i Conca Dellà,1046,JxCat,11,50,25,5,3,5,2,
251180,Juncosa,Juncosa,418,JxCat,10,34,32,9,5,4,5,
251193,Juneda,Juneda,3343,JxCat,7,44,31,6,3,6,3,
251207,Lleida,Ll,138144,C's,25,23,23,12,5,4,6,
251214,Les,Les,958,C's,28,15,13,26,6,4,6,
251229,Linyola,Linyola,2650,JxCat,11,37,34,5,3,5,3,
251235,Lladorre,Lladorre,226,ERC,6,34,46,5,2,5,0,
251240,Lladurs,Lladurs,187,JxCat,7,53,21,3,1,6,8,
251253,Llardecans,Llardecans,476,JxCat,11,40,36,2,1,4,4,
251266,Llavorsí,Llavorsí,355,JxCat,4,33,31,9,4,15,2,
251272,Lles de Cerdanya,Lles de Cerdanya,247,JxCat,1,45,37,4,1,11,1,
251288,Llimiana,Llimiana,150,JxCat,9,45,21,4,4,15,1,
251291,Llobera,Llobera,203,JxCat,4,51,29,4,1,8,2,
251305,Maldà,Maldà,230,JxCat,7,46,27,2,2,13,1,
251312,Massalcoreig,Massalcoreig,571,ERC,12,26,43,11,1,4,1,
251327,Massoteres,Massoteres,203,JxCat,7,50,25,7,3,3,3,
251333,Maials,Maials,950,JxCat,9,49,26,4,3,3,4,
251348,Menàrguens,Menàrguens,847,JxCat,7,42,35,4,4,4,4,
251351,Miralcamp,Miralcamp,1369,JxCat,9,50,24,6,3,3,3,
251364,Molsosa,Molsosa,111,JxCat,12,45,28,1,1,6,5,
251370,Mollerussa,Mollerussa,14585,JxCat,16,39,23,9,4,4,4,
251386,Montgai,Montgai,651,JxCat,13,37,34,5,1,4,5,
251399,Montellà i Martinet,Montellà i Martinet,547,ERC,11,35,37,4,3,6,1,
251403,Montferrer i Castellbò,Montferrer i Castellbò,1050,JxCat,10,38,30,7,4,6,3,
251410,Montoliu de Segarra,Montoliu de Segarra,188,JxCat,9,42,25,4,2,14,3,
251425,Montoliu de Lleida,Montoliu de Lleida,495,ERC,10,28,45,3,5,5,2,
251431,Montornès de Segarra,Montornès de Segarra,100,JxCat,8,39,30,9,4,4,4,
251459,Nalec,Nalec,100,JxCat,3,60,23,4,3,7,1,
251462,Navès,Navès,283,JxCat,9,49,21,4,3,7,5,
251484,Odèn,Odèn,259,JxCat,8,47,33,1,1,4,5,
251497,Oliana,Oliana,1844,JxCat,9,46,26,7,2,4,5,
251500,Oliola,Oliola,220,JxCat,13,50,21,5,4,5,3,
251517,Olius,Olius,929,JxCat,12,46,26,6,3,4,2,
251522,Oluges,Oluges,152,JxCat,13,41,28,3,1,4,6,
251538,Omellons,Omellons,217,JxCat,17,34,24,6,7,3,10,
251543,Omells de na Gaia,Omells de na Gaia,137,JxCat,6,51,32,1,1,7,1,
251556,Organyà,Organyà,804,JxCat,8,43,28,7,2,6,7,
251569,Os de Balaguer,Os de Balaguer,1022,JxCat,12,38,32,6,3,5,3,
251575,Ossó de Sió,Ossó de Sió,214,JxCat,13,40,29,3,4,3,6,
251581,Palau d'Anglesola,Palau d'Anglesola,2153,JxCat,11,47,29,4,2,4,2,
251615,Conca de Dalt,Conca de Dalt,439,JxCat,4,38,30,8,3,13,3,
251636,Coma i la Pedra,Coma i la Pedra,261,JxCat,6,54,25,1,3,8,4,
251641,Penelles,Penelles,474,JxCat,8,50,27,4,2,2,5,
251654,Peramola,Peramola,344,JxCat,12,43,26,5,3,7,2,
251667,Pinell de Solsonès,Pinell de Solsonès,213,ERC,5,33,35,4,1,7,13,
251673,Pinós,Pinós,297,JxCat,8,46,22,2,1,14,7,
251689,Poal,Poal,655,JxCat,15,44,24,3,1,6,7,
251692,Pobla de Cérvoles,Pobla de Cérvoles,206,JxCat,9,36,29,8,4,13,2,
251706,Bellaguarda,Bellaguarda,307,JxCat,5,39,37,7,3,5,2,
251713,Pobla de Segur,Pobla de Segur,2973,JxCat,7,39,31,9,4,6,2,
251728,Ponts,Ponts,2638,JxCat,10,42,34,4,1,4,5,
251734,Pont de Suert,Pont de Suert,2293,ERC,21,21,22,18,8,6,3,
251749,Portella,Portella,741,JxCat,10,46,25,6,3,6,3,
251752,Prats i Sansor,Prats i Sansor,238,JxCat,12,37,30,5,3,6,7,
251765,Preixana,Preixana,382,JxCat,9,50,23,1,2,7,7,
251771,Preixens,Preixens,448,ERC,12,31,33,9,3,7,5,
251790,Prullans,Prullans,208,JxCat,7,48,31,3,4,5,1,
251804,Puiggròs,Puiggròs,287,JxCat,9,52,26,5,4,3,2,
251811,Puigverd d'Agramunt,Puigverd d'Agramunt,237,JxCat,6,46,25,7,2,7,6,
251826,Puigverd de Lleida,Puigverd de Lleida,1373,ERC,16,28,29,11,5,6,3,
251832,Rialp,Rialp,669,JxCat,10,36,31,6,3,10,3,
251850,Ribera d'Urgellet,Ribera d'Urgellet,962,JxCat,12,39,27,9,4,6,3,
251863,Riner,Riner,261,JxCat,11,40,28,2,6,12,2,
251898,Rosselló,Rosselló,3029,JxCat,17,33,28,7,6,5,3,
251902,Salàs de Pallars,Salàs de Pallars,340,ERC,7,27,33,11,4,15,2,
251919,Sanaüja,Sanaüja,425,JxCat,8,39,32,4,3,6,8,
251924,Sant Guim de Freixenet,Sant Guim de Freixenet,1059,JxCat,13,39,31,5,3,6,3,
251930,Sant Llorenç de Morunys,Sant Llorenç de Morunys,966,JxCat,6,48,30,3,2,9,2,
251945,Sant Ramon,Sant Ramon,509,JxCat,9,52,24,3,2,5,5,
251961,Sant Esteve de la Sarga,Sant Esteve de la Sarga,139,JxCat,11,36,30,7,6,8,3,
251977,Sant Guim de la Plana,Sant Guim de la Plana,170,ERC,6,35,37,6,1,13,1,
252000,Sarroca de Lleida,Sarroca de Lleida,374,JxCat,7,43,33,6,1,7,3,
252017,Sarroca de Bellera,Sarroca de Bellera,117,JxCat,20,48,18,4,2,4,3,
252022,Senterada,Senterada,133,JxCat,3,44,25,7,13,7,1,
252038,Seu d'Urgell,Seu d'Urgell,12185,JxCat,20,28,25,12,4,5,5,
252043,Seròs,Seròs,1912,JxCat,14,36,34,6,3,3,3,
252056,Sidamon,Sidamon,734,JxCat,14,39,23,9,4,5,4,
252069,Soleràs,Soleràs,350,JxCat,5,48,37,2,3,4,0,
252075,Solsona,Solsona,8914,JxCat,13,35,32,7,3,7,3,
252081,Soriguera,Soriguera,408,ERC,6,26,29,6,4,27,1,
252094,Sort,Sort,2145,JxCat,10,33,31,7,3,11,3,
252108,Soses,Soses,1698,JxCat,10,49,26,9,2,2,3,
252115,Sudanell,Sudanell,867,JxCat,11,35,33,5,3,9,4,
252120,Sunyer,Sunyer,350,JxCat,11,49,19,6,2,9,4,
252154,Talarn,Talarn,689,ERC,24,24,27,11,3,7,3,
252167,Talavera,Talavera,257,JxCat,12,45,23,5,2,6,6,
252173,Tàrrega,Tàrrega,16481,JxCat,14,38,26,8,4,6,3,
252189,Tarrés,Tarrés,100,JxCat,4,55,32,3,1,4,0,
252192,Tarroja de Segarra,Tarroja de Segarra,182,JxCat,9,32,31,2,2,16,6,
252206,Térmens,Térmens,1526,JxCat,7,44,32,5,2,4,6,
252213,Tírvia,Tírvia,143,JxCat,3,38,35,5,0,12,4,
252228,Tiurana,Tiurana,73,JxCat,15,57,17,0,0,4,6,
252234,Torà,Torà,1215,JxCat,7,47,29,4,2,8,2,
252249,Torms,Torms,149,JxCat,3,48,35,3,2,7,1,
252252,Tornabous,Tornabous,882,JxCat,9,44,35,4,1,4,3,
252265,Torrebesses,Torrebesses,293,JxCat,8,42,30,2,7,8,1,
252271,Torre de Cabdella,Torre de Cabdella,748,JxCat,6,46,29,7,3,8,1,
252287,Torrefarrera,Torrefarrera,4630,JxCat,18,36,27,8,4,3,3,
252304,Torregrossa,Torregrossa,2166,JxCat,13,35,32,9,3,3,6,
252311,Torrelameu,Torrelameu,703,ERC,9,35,41,4,2,4,4,
252326,Torres de Segre,Torres de Segre,2253,JxCat,12,36,29,9,3,5,5,
252332,Torre-serona,Torre-serona,379,JxCat,14,34,30,9,5,3,4,
252347,Tremp,Tremp,6026,JxCat,14,39,24,9,4,5,4,
252385,Vallbona de les Monges,Vallbona de les Monges,241,JxCat,9,51,24,2,4,8,2,
252398,Valls de Valira,Valls de Valira,817,JxCat,17,36,27,6,6,4,3,
252402,Vallfogona de Balaguer,Vallfogona de Balaguer,1868,ERC,14,31,32,9,3,4,6,
252424,Verdú,Verdú,933,JxCat,11,45,25,5,4,4,4,
252430,Vielha e Mijaran,Vielha e Mijaran,5459,C's,33,14,14,20,7,3,8,
252445,Vilagrassa,Vilagrassa,510,JxCat,14,39,30,6,1,6,4,
252458,Vilaller,Vilaller,552,ERC,17,23,27,15,8,7,3,
252477,Vilamòs,Vilamòs,151,C's,47,10,15,16,4,3,3,
252483,Vilanova de Bellpuig,Vilanova de Bellpuig,1168,JxCat,3,53,28,4,2,7,3,
252496,Vilanova de l'Aguda,Vilanova de l'Aguda,213,ERC,14,27,37,4,1,6,8,
252509,Vilanova de Meià,Vilanova de Meià,414,ERC,4,37,39,5,2,7,6,
252516,Vilanova de Segrià,Vilanova de Segrià,941,JxCat,15,36,32,4,2,5,4,
252521,Vila-sana,Vila-sana,732,JxCat,10,46,26,7,3,4,3,
252537,Vilosell,Vilosell,185,JxCat,7,40,38,3,3,6,2,
252542,Vilanova de la Barca,Vilanova de la Barca,1054,JxCat,12,39,25,9,5,4,5,
252555,Vinaixa,Vinaixa,499,JxCat,15,36,31,4,5,6,2,
259010,Vall de Cardós,Vall de Cardós,356,ERC,10,27,38,7,3,10,4,
259025,Sant Martí de Riucorb,Sant Martí de Riucorb,674,JxCat,11,38,32,4,2,8,4,
259031,Guingueta d'Àneu,Guingueta d'Àneu,308,JxCat,3,45,34,5,2,10,2,
259046,Castell de Mur,Castell de Mur,175,JxCat,8,50,23,5,4,6,2,
259059,Ribera d'Ondara,Ribera d'Ondara,446,JxCat,13,42,26,4,2,4,7,
259062,Valls d'Aguilar,Valls d'Aguilar,291,JxCat,6,40,37,11,3,3,1,
259078,Torrefeta i Florejacs,Torrefeta i Florejacs,590,JxCat,10,40,30,3,4,9,4,
259084,Fígols i Alinyà,Fígols i Alinyà,254,JxCat,8,37,32,11,2,6,3,
259097,Vansa i Fórnols,Vansa i Fórnols,200,JxCat,5,45,29,2,3,14,2,
259101,Josa i Tuixén,Josa i Tuixén,122,JxCat,4,55,26,4,3,7,1,
259118,Plans de Sió,Plans de Sió,523,JxCat,10,46,30,4,2,7,1,
259123,Gimenells i el Pla de la Font,Gimenells i el Pla de la Font,1111,C's,23,20,19,11,4,4,18,
259139,Riu de Cerdanya,Riu de Cerdanya,97,JxCat,4,51,35,2,2,5,0,
430017,Aiguamúrcia,Aiguamúrcia,903,JxCat,15,33,29,8,7,6,3,
430022,Albinyana,Albinyana,2303,C's,36,16,16,18,6,3,3,
430038,Albiol,Albiol,459,C's,26,23,24,12,6,7,3,
430043,Alcanar,Alcanar,9494,ERC,16,20,41,8,5,5,5,
430056,Alcover,Alcover,5095,JxCat,22,29,24,10,5,6,4,
430069,Aldover,Aldover,863,JxCat,9,32,29,10,3,6,8,
430075,Aleixar,Aleixar,887,JxCat,18,34,30,5,4,6,2,
430081,Alfara de Carles,Alfara de Carles,371,JxCat,25,35,18,9,2,4,7,
430094,Alforja,Alforja,1844,ERC,16,29,30,8,5,8,2,
430108,Alió,Alió,405,JxCat,14,37,26,9,5,5,3,
430115,Almoster,Almoster,1401,JxCat,16,37,28,6,3,7,3,
430120,Altafulla,Altafulla,5034,ERC,24,22,25,13,7,4,4,
430136,Ametlla de Mar,Ametlla de Mar,7102,ERC,16,25,37,8,4,4,4,
430141,Amposta,Amposta,20654,ERC,16,22,40,9,5,3,3,
430154,Arbolí,Arbolí,125,ERC,1,40,41,1,3,12,0,
430167,Arboç,Arboç,5520,C's,28,18,17,20,6,5,4,
430173,Argentera,Argentera,136,JxCat,0,40,37,4,2,12,2,
430189,Arnes,Arnes,472,JxCat,9,44,31,3,6,3,3,
430192,Ascó,Ascó,1695,ERC,16,31,32,8,3,4,5,
430206,Banyeres del Penedès,Banyeres del Penedès,3091,C's,32,19,18,17,7,3,2,
430213,Barberà de la Conca,Barberà de la Conca,478,JxCat,16,43,20,9,3,8,1,
430228,Batea,Batea,1967,ERC,20,21,31,12,5,3,8,
430234,Bellmunt del Priorat,Bellmunt del Priorat,296,ERC,11,27,35,12,2,10,3,
430249,Bellvei,Bellvei,2190,C's,34,16,20,14,6,4,4,
430252,Benifallet,Benifallet,708,ERC,15,18,38,14,4,4,6,
430265,Benissanet,Benissanet,1218,ERC,9,34,42,4,2,3,5,
430271,Bisbal de Falset,Bisbal de Falset,208,JxCat,2,63,21,6,1,3,3,
430287,Bisbal del Penedès,Bisbal del Penedès,3466,C's,28,23,20,12,5,6,3,
430290,Blancafort,Blancafort,393,ERC,7,31,47,3,3,8,1,
430304,Bonastre,Bonastre,639,JxCat,20,28,28,9,5,6,2,
430311,Borges del Camp,Borges del Camp,2070,JxCat,15,41,27,6,3,4,3,
430326,Bot,Bot,615,JxCat,12,34,29,12,5,5,4,
430332,Botarell,Botarell,1120,JxCat,17,32,30,8,5,5,2,
430347,Bràfim,Bràfim,668,JxCat,14,35,31,7,3,3,5,
430350,Cabacés,Cabacés,326,JxCat,8,44,30,3,3,6,3,
430363,Cabra del Camp,Cabra del Camp,1113,JxCat,25,26,26,10,4,5,2,
430379,Calafell,Calafell,24289,C's,32,16,20,15,7,3,5,
430385,Cambrils,Cambrils,33273,C's,35,18,20,12,5,3,5,
430398,Capafonts,Capafonts,112,ERC,11,30,38,4,3,14,0,
430402,Capçanes,Capçanes,392,ERC,4,36,36,3,4,11,4,
430419,Caseres,Caseres,253,ERC,20,14,29,15,5,2,13,
430424,Castellvell del Camp,Castellvell del Camp,2851,JxCat,22,31,27,8,3,4,2,
430430,Catllar,Catllar,4211,C's,30,19,22,13,7,5,3,
430445,Sénia,Sénia,5654,ERC,25,15,25,15,6,4,8,
430458,Colldejou,Colldejou,171,JxCat,5,46,32,3,5,8,2,
430461,Conesa,Conesa,116,JxCat,6,37,33,2,5,12,0,
430477,Constantí,Constantí,6439,C's,38,11,18,18,5,2,6,
430483,Corbera d'Ebre,Corbera d'Ebre,1080,ERC,15,25,32,9,5,4,8,
430496,Cornudella de Montsant,Cornudella de Montsant,966,ERC,6,35,41,3,3,10,2,
430509,Creixell,Creixell,3467,C's,33,17,20,14,7,2,6,
430516,Cunit,Cunit,11808,C's,37,11,17,18,8,3,5,
430521,Xerta,Xerta,1190,ERC,13,25,42,6,4,6,2,
430537,Duesaigües,Duesaigües,242,JxCat,8,32,31,7,5,14,4,
430542,Espluga de Francolí,Espluga de Francolí,3791,JxCat,10,39,32,7,3,5,3,
430555,Falset,Falset,2834,JxCat,9,40,32,8,2,5,2,
430568,Fatarella,Fatarella,1004,ERC,9,31,40,6,1,7,6,
430574,Febró,Febró,40,JxCat,3,47,31,6,3,9,0,
430580,Figuera,Figuera,105,ERC,11,37,39,1,5,7,0,
430593,Figuerola del Camp,Figuerola del Camp,341,JxCat,6,46,34,6,1,7,1,
430607,Flix,Flix,3677,ERC,9,30,36,9,4,8,3,
430614,Forès,Forès,47,JxCat,9,62,15,6,0,3,6,
430629,Freginals,Freginals,396,JxCat,16,27,24,14,5,3,6,
430635,Galera,Galera,748,JxCat,18,28,27,8,4,5,9,
430640,Gandesa,Gandesa,2999,JxCat,15,35,30,8,3,4,5,
430653,Garcia,Garcia,601,JxCat,7,39,37,5,4,4,3,
430666,Garidells,Garidells,193,ERC,9,32,34,7,8,6,1,
430672,Ginestar,Ginestar,778,ERC,6,30,50,5,4,3,1,
430688,Godall,Godall,631,ERC,20,11,27,21,3,4,12,
430691,Gratallops,Gratallops,237,ERC,10,30,32,8,4,13,3,
430705,Guiamets,Guiamets,273,ERC,6,25,40,7,2,18,2,
430712,Horta de Sant Joan,Horta de Sant Joan,1189,JxCat,15,35,24,7,4,7,7,
430727,Lloar,Lloar,123,ERC,19,30,36,5,0,4,6,
430733,Llorac,Llorac,96,JxCat,6,58,17,3,3,9,0,
430748,Llorenç del Penedès,Llorenç del Penedès,2323,JxCat,17,33,27,8,5,6,2,
430751,Margalef,Margalef,97,JxCat,9,48,23,6,7,7,0,
430764,Marçà,Marçà,586,ERC,8,32,38,7,3,10,2,
430770,Mas de Barberans,Mas de Barberans,605,ERC,17,11,28,27,2,3,11,
430786,Masdenverge,Masdenverge,1088,JxCat,19,33,29,9,3,3,4,
430799,Masllorenç,Masllorenç,502,JxCat,11,42,28,7,4,4,3,
430803,Masó,Masó,290,JxCat,19,36,29,4,2,9,0,
430810,Maspujols,Maspujols,774,JxCat,15,33,31,7,3,7,1,
430825,Masroig,Masroig,494,JxCat,5,42,29,9,2,7,5,
430831,Milà,Milà,178,JxCat,22,37,20,3,7,1,10,
430846,Miravet,Miravet,737,ERC,7,24,51,8,3,5,2,
430859,Molar,Molar,282,ERC,6,33,40,9,1,7,3,
430862,Montblanc,Montblanc,7290,JxCat,13,35,30,8,4,6,3,
430884,Montbrió del Camp,Montbrió del Camp,2779,ERC,20,30,32,5,4,6,3,
430897,Montferri,Montferri,400,C's,25,21,21,13,8,7,2,
430901,Montmell,Montmell,1397,C's,39,10,18,16,6,3,6,
430918,Mont-ral,Mont-ral,166,ERC,5,23,36,6,8,17,3,
430923,Mont-roig del Camp,Mont-roig del Camp,11521,C's,37,20,19,11,5,2,5,
430939,Móra d'Ebre,Móra d'Ebre,5574,JxCat,15,32,29,10,3,4,4,
430944,Móra la Nova,Móra la Nova,3104,ERC,15,29,36,10,4,3,2,
430957,Morell,Morell,3550,C's,30,24,23,9,5,4,3,
430960,Morera de Montsant,Morera de Montsant,153,JxCat,6,40,34,8,2,9,1,
430976,Nou de Gaià,Nou de Gaià,546,JxCat,8,42,26,8,4,5,4,
430982,Nulles,Nulles,453,JxCat,16,47,17,4,4,8,2,
430995,Palma d'Ebre,Palma d'Ebre,363,JxCat,5,55,25,7,1,5,2,
431009,Pallaresos,Pallaresos,4597,C's,32,16,21,14,8,4,4,
431016,Passanant i Belltall,Passanant i Belltall,161,JxCat,4,49,22,9,3,12,1,
431021,Paüls,Paüls,580,ERC,4,29,41,15,4,3,3,
431037,Perafort,Perafort,1282,C's,35,19,24,10,5,2,3,
431042,Perelló,Perelló,2903,ERC,8,32,43,6,3,5,1,
431055,Piles,Piles,207,JxCat,2,49,29,3,4,11,2,
431068,Pinell de Brai,Pinell de Brai,1014,ERC,10,24,36,8,6,9,6,
431074,Pira,Pira,500,ERC,11,24,45,8,4,5,1,
431080,Pla de Santa Maria,Pla de Santa Maria,2294,JxCat,20,36,24,6,4,5,3,
431093,Pobla de Mafumet,Pobla de Mafumet,3771,C's,42,14,18,12,7,2,4,
431107,Pobla de Massaluca,Pobla de Massaluca,333,JxCat,13,43,24,11,3,4,2,
431114,Pobla de Montornès,Pobla de Montornès,2806,C's,33,15,24,12,7,3,4,
431129,Poboleda,Poboleda,374,JxCat,3,43,31,6,1,14,1,
431135,Pont d'Armentera,Pont d'Armentera,515,JxCat,18,41,24,6,4,5,2,
431140,Porrera,Porrera,445,ERC,2,31,45,4,5,12,0,
431153,Pradell de la Teixeta,Pradell de la Teixeta,174,JxCat,6,56,23,5,2,7,0,
431166,Prades,Prades,587,JxCat,5,43,35,9,2,5,1,
431172,Prat de Comte,Prat de Comte,177,JxCat,11,36,27,6,3,6,11,
431188,Pratdip,Pratdip,691,ERC,12,35,35,7,3,4,2,
431191,Puigpelat,Puigpelat,1121,JxCat,25,27,24,9,4,5,3,
431205,Querol,Querol,543,C's,30,20,20,14,7,5,5,
431212,Rasquera,Rasquera,819,ERC,4,33,48,5,3,5,1,
431227,Renau,Renau,148,ERC,8,23,28,9,9,23,0,
431233,Reus,R,103615,C's,32,20,20,12,5,4,5,
431248,Riba,Riba,594,JxCat,13,34,31,7,6,4,5,
431251,Riba-roja d'Ebre,Riba-roja d'Ebre,1156,ERC,12,22,34,14,6,5,5,
431264,Riera de Gaià,Riera de Gaià,1694,JxCat,21,29,27,9,6,6,2,
431270,Riudecanyes,Riudecanyes,1116,JxCat,14,38,33,4,3,5,1,
431286,Riudecols,Riudecols,1169,ERC,18,26,30,12,5,6,1,
431299,Riudoms,Riudoms,6591,JxCat,22,38,22,6,3,5,3,
431303,Rocafort de Queralt,Rocafort de Queralt,251,JxCat,7,45,32,7,1,4,4,
431310,Roda de Berà,Roda de Berà,6391,C's,38,14,17,16,7,2,5,
431325,Rodonyà,Rodonyà,492,JxCat,12,38,28,8,6,5,1,
431331,Roquetes,Roquetes,8165,ERC,18,24,35,9,5,4,4,
431346,Rourell,Rourell,398,ERC,20,24,29,11,3,5,5,
431359,Salomó,Salomó,540,JxCat,13,50,22,5,2,5,2,
431362,Sant Carles de la Ràpita,Sant Carles de la Ràpita,14718,ERC,13,25,41,8,5,4,3,
431378,Sant Jaume dels Domenys,Sant Jaume dels Domenys,2543,C's,28,23,25,11,5,3,2,
431384,Santa Bàrbara,Santa Bàrbara,3774,JxCat,20,30,26,9,4,3,7,
431397,Santa Coloma de Queralt,Santa Coloma de Queralt,2726,JxCat,10,48,25,6,2,6,2,
431401,Santa Oliva,Santa Oliva,3260,C's,37,12,18,16,7,3,4,
431418,Pontils,Pontils,120,JxCat,15,33,29,13,2,4,2,
431423,Sarral,Sarral,1587,JxCat,14,43,24,7,3,5,2,
431439,Savallà del Comtat,Savallà del Comtat,59,JxCat,4,53,22,12,4,2,0,
431444,Secuita,Secuita,1692,ERC,23,24,29,7,6,7,2,
431457,Selva del Camp,Selva del Camp,5591,JxCat,18,30,26,11,4,8,3,
431460,Senan,Senan,51,ERC,5,27,32,5,5,22,0,
431476,Solivella,Solivella,619,JxCat,5,48,33,2,1,5,5,
431482,Tarragona,Tgn,131094,C's,35,15,18,14,6,4,6,
431495,Tivenys,Tivenys,887,ERC,17,28,30,15,3,2,2,
431508,Tivissa,Tivissa,1684,ERC,8,34,34,4,5,8,5,
431515,Torre de Fontaubella,Torre de Fontaubella,134,ERC,14,27,32,2,4,16,3,
431520,Torre de l'Espanyol,Torre de l'Espanyol,635,ERC,7,37,41,7,4,3,2,
431536,Torredembarra,Torredembarra,15460,C's,30,20,22,13,6,4,4,
431541,Torroja del Priorat,Torroja del Priorat,153,ERC,4,31,42,3,4,12,3,
431554,Tortosa,Tortosa,33743,ERC,17,28,29,10,5,4,4,
431567,Ulldecona,Ulldecona,6368,ERC,20,23,28,11,5,5,7,
431573,Ulldemolins,Ulldemolins,401,JxCat,4,46,31,5,2,7,4,
431589,Vallclara,Vallclara,110,JxCat,3,59,25,6,0,4,3,
431592,Vallfogona de Riucorb,Vallfogona de Riucorb,94,JxCat,3,66,19,7,0,1,3,
431606,Vallmoll,Vallmoll,1645,C's,27,23,24,13,4,4,3,
431613,Valls,Valls,24285,JxCat,20,30,25,10,4,5,4,
431628,Vandellòs i l'Hospitalet de l'Infant,Vandellòs i l'Hospitalet de l'Infant,6143,C's,31,20,22,14,6,3,4,
431634,Vendrell,Vendrell,36482,C's,33,16,20,14,7,3,4,
431649,Vespella de Gaià,Vespella de Gaià,421,C's,30,17,17,15,8,3,8,
431652,Vilabella,Vilabella,760,JxCat,9,46,29,5,4,6,2,
431665,Vilallonga del Camp,Vilallonga del Camp,2255,ERC,25,21,27,11,5,5,5,
431671,Vilanova d'Escornalbou,Vilanova d'Escornalbou,542,JxCat,9,38,33,6,5,7,2,
431687,Vilanova de Prades,Vilanova de Prades,118,JxCat,7,46,31,6,1,6,0,
431690,Vilaplana,Vilaplana,590,ERC,5,34,38,4,3,12,2,
431704,Vila-rodona,Vila-rodona,1255,JxCat,12,37,32,9,2,5,2,
431711,Vila-seca,Vila-seca,21935,C's,48,11,12,15,6,2,5,
431726,Vilaverd,Vilaverd,452,JxCat,14,35,34,4,4,5,1,
431732,Vilella Alta,Vilella Alta,135,ERC,5,27,35,6,1,25,1,
431747,Vilella Baixa,Vilella Baixa,193,ERC,4,28,40,5,8,11,3,
431750,Vilalba dels Arcs,Vilalba dels Arcs,658,JxCat,13,36,27,9,2,6,8,
431763,Vimbodí i Poblet,Vimbodí i Poblet,954,JxCat,8,42,34,4,3,5,2,
431779,Vinebre,Vinebre,430,JxCat,11,40,28,7,4,6,2,
431785,Vinyols i els Arcs,Vinyols i els Arcs,1918,JxCat,23,27,27,9,4,4,5,
439018,Deltebre,Deltebre,11544,ERC,10,35,36,7,3,3,5,
439023,Sant Jaume d'Enveja,Sant Jaume d'Enveja,3516,ERC,16,22,33,16,5,2,5,
439039,Camarles,Camarles,3349,ERC,11,29,41,8,3,2,4,
439044,Aldea,Aldea,4250,ERC,15,24,39,9,4,2,4,
439057,Salou,Salou,26386,C's,43,14,15,13,6,2,6,
439060,Ampolla,Ampolla,3322,JxCat,17,37,27,7,4,4,4,
439076,Canonja,Canonja,5846,C's,42,10,10,22,7,3,5,